<?xml version="1.0" encoding="UTF-8"?>
<configuration scan="true" scanPeriod="1 seconds">

    <contextListener class="ch.qos.logback.classic.jul.LevelChangePropagator">
        <resetJUL>true</resetJUL>
    </contextListener>

    <jmxConfigurator/>

    <appender name="console" class="ch.qos.logback.core.ConsoleAppender">
        <encoder>
            <pattern>logbak: %d{HH:mm:ss.SSS} %logger{36} - %msg%n</pattern>
        </encoder>
    </appender>

      <logger name="org.springframework.web" level="DEBUG"/> <!-- 1 -->
    <root level="info">
        <appender-ref ref="console"/>
    </root>
</configuration>
