{
    "api_description": {
        "title": "RESTful API",
        "summary": "This RESTful API document is generated by <a class=\"wistool\" href=\"https://github.com/Wisdom-Projects/rest-client\">Wisdom RESTClient"
    },
    "api_list": [
        {
            "api_summary": {
                "title": "Add user to system",
                "method": "POST",
                "path": "/system/user/add"
            },
            "api_request": {
                "header": "Content-Type : application/json; charset=UTF-8\nAccept : application/json\nCookie : JSESSIONID=0A33A5D69D17DFA7EA4190449000F8AC",
                "model": "model",
                "example": "example"
            },
            "api_response": [
                {
                    "status": "HTTP/1.1 200",
                    "code": 200,
                    "message": "successful operation",
                    "model": "model",
                    "example": "example"
                }
            ]
        },
        {
            "api_summary": {
                "title": "Update user to system",
                "method": "PUT",
                "path": "/system/user/<span class=\"param\">{user_id}</span>/update"
            },
            "api_request": {
                "header": "Content-Type : application/json; charset=UTF-8\nAccept : application/json\nCookie : JSESSIONID=0A33A5D69D17DFA7EA4190449000F8AC",
                "model": "model",
                "example": "example"
            },
            "api_response": [
                {
                    "status": "HTTP/1.1 200",
                    "code": 200,
                    "message": "successful operation",
                    "model": "model",
                    "example": "example"
                },
                {
                    "status": "HTTP/1.1 403",
                    "code": 403,
                    "message": "Do not have permission to update user.",
                    "model": "model",
                    "example": "example"
                }
            ]
        },
        {
            "api_summary": {
                "title": "Get user from system",
                "method": "GET",
                "path": "/system/user/list"
            },
            "api_request": {
                "header": "Content-Type : application/json; charset=UTF-8\nAccept : application/json\nCookie : JSESSIONID=0A33A5D69D17DFA7EA4190449000F8AC",
                "model": "model",
                "example": "example"
            },
            "api_response": [
                {
                    "status": "HTTP/1.1 200",
                    "code": 200,
                    "message": "successful operation",
                    "model": "model",
                    "example": "example"
                }
            ]
        },
        {
            "api_summary": {
                "title": "Delete user from system",
                "method": "DELETE",
                "path": "/system/user/<span class=\"param\">{user_id}</span>/delete"
            },
            "api_request": {
                "header": "Content-Type : application/json; charset=UTF-8\nAccept : application/json\nCookie : JSESSIONID=0A33A5D69D17DFA7EA4190449000F8AC",
                "model": "model",
                "example": "example"
            },
            "api_response": [
                {
                    "status": "HTTP/1.1 200",
                    "code": 200,
                    "message": "successful operation",
                    "model": "model",
                    "example": "example"
                },
                {
                    "status": "HTTP/1.1 403",
                    "code": 403,
                    "message": "Do not have permission to delete user.",
                    "model": "model",
                    "example": "example"
                }
            ]
        }
    ]
}