<?xml version="1.0" encoding="UTF-8"?>
<site>
   <description url="http://run-jetty-run.googlecode.com">
      run-jetty-run Eclipse plugin
   </description>
   <feature url="features/runjettyrun_feature_1.3.2.jar" id="runjettyrun_feature" version="1.3.2">
      <category name="RunJettyRun"/>
   </feature>
   <feature url="features/runjettyrun_feature_support_jetty7_1.3.2.jar" id="runjettyrun_feature_support_jetty7" version="1.3.2">
      <category name="RunJettyRun"/>
   </feature>
   <feature url="features/runjettyrun_feature_support_jetty8_1.3.2.jar" id="runjettyrun_feature_support_jetty8" version="1.3.2">
      <category name="RunJettyRun"/>
   </feature>
   <feature url="features/runjettyrun_feature_1.3.3.201203161919.jar" id="runjettyrun_feature" version="1.3.3.201203161919">
      <category name="RunJettyRun"/>
   </feature>
   <feature url="features/runjettyrun_feature_support_jetty7_1.3.3.201203161919.jar" id="runjettyrun_feature_support_jetty7" version="1.3.3.201203161919">
      <category name="RunJettyRun"/>
   </feature>
   <feature url="features/runjettyrun_feature_support_jetty8_1.3.3.201203161919.jar" id="runjettyrun_feature_support_jetty8" version="1.3.3.201203161919">
      <category name="RunJettyRun"/>
   </feature>
   <category-def name="RunJettyRun" label="RunJettyRun"/>
</site>
